{
  "south san francisco, california": {
    "lat": 37.6535403,
    "lon": -122.4168664
  },
  "oakland, california": {
    "lat": 37.8044557,
    "lon": -122.2713563
  },
  "san francisco, california": {
    "lat": 37.7790262,
    "lon": -122.419906
  },
  "berkeley, california": {
    "lat": 37.8753497,
    "lon": -122.23963364918777
  },
  "belvedere tiburon, california": {
    "lat": 37.8771208,
    "lon": -122.4616696
  },
  "san mateo, california": {
    "lat": 37.496904,
    "lon": -122.3330573
  },
  "daly city, california": {
    "lat": 37.6904826,
    "lon": -122.47267
  },
  "san leandro, california": {
    "lat": 37.7249296,
    "lon": -122.1560768
  },
  "atherton, california": {
    "lat": 37.453773,
    "lon": -122.2058272
  },
  "san rafael, california": {
    "lat": 37.9735346,
    "lon": -122.5310874
  },
  "walnut creek, california": {
    "lat": 37.9020731,
    "lon": -122.0618702
  },
  "menlo park, california": {
    "lat": 37.4519671,
    "lon": -122.1779927
  },
  "belmont, california": {
    "lat": 37.5164926,
    "lon": -122.2941914
  },
  "san jose, california": {
    "lat": 37.3361905,
    "lon": -121.890583
  },
  "palo alto, california": {
    "lat": 37.4443293,
    "lon": -122.1598465
  },
  "emeryville, california": {
    "lat": 37.8314089,
    "lon": -122.2865266
  },
  "el granada, california": {
    "lat": 37.513127,
    "lon": -122.46731582660925
  },
  "castro valley, california": {
    "lat": 37.71573685,
    "lon": -122.09063177147789
  },
  "fairfax, california": {
    "lat": 37.9872935,
    "lon": -122.5879674
  },
  "mountain view, california": {
    "lat": 37.3893889,
    "lon": -122.0832101
  },
  "burlingame, california": {
    "lat": 37.5841026,
    "lon": -122.366082
  },
  "martinez, california": {
    "lat": 38.0138934,
    "lon": -122.1338674
  },
  "pleasant hill, california": {
    "lat": 37.9479786,
    "lon": -122.0607963
  },
  "hayward, california": {
    "lat": 37.6688205,
    "lon": -122.080796
  },
  "alameda, california": {
    "lat": 37.6090291,
    "lon": -121.899142
  },
  "vallejo, california": {
    "lat": 38.1040864,
    "lon": -122.2566367
  },
  "benicia, california": {
    "lat": 38.049365,
    "lon": -122.1585777
  },
  "el cerrito, california": {
    "lat": 33.8410146,
    "lon": -117.52079778811958
  },
  "mill valley, california": {
    "lat": 37.9060368,
    "lon": -122.5449763
  },
  "richmond, california": {
    "lat": 37.9357576,
    "lon": -122.347748
  },
  "redwood city, california": {
    "lat": 37.4863239,
    "lon": -122.232523
  },
  "el sobrante, california": {
    "lat": 37.9774476,
    "lon": -122.2949894
  },
  "stanford, california": {
    "lat": 37.426540700000004,
    "lon": -122.17029258409187
  },
  "san pablo, california": {
    "lat": 37.9621457,
    "lon": -122.3455263
  },
  "novato, california": {
    "lat": 38.1061979,
    "lon": -122.5681191
  },
  "pacifica, california": {
    "lat": 37.6138253,
    "lon": -122.4869194
  },
  "lafayette, california": {
    "lat": 37.8857582,
    "lon": -122.1180201
  },
  "half moon bay, california": {
    "lat": 37.4635519,
    "lon": -122.428586
  },
  "fremont, california": {
    "lat": 37.5482697,
    "lon": -121.988571
  },
  "orinda, california": {
    "lat": 37.8771476,
    "lon": -122.1796888
  },
  "san anselmo, california": {
    "lat": 37.9744323,
    "lon": -122.561503
  },
  "corte madera, california": {
    "lat": 37.9254806,
    "lon": -122.5274755
  },
  "albany, california": {
    "lat": 37.88687,
    "lon": -122.2977475
  },
  "san carlos, california": {
    "lat": 37.504936,
    "lon": -122.261823
  },
  "san lorenzo, california": {
    "lat": 37.673589500000006,
    "lon": -122.13185702134774
  },
  "foster city, california": {
    "lat": 37.5600336,
    "lon": -122.2688522
  },
  "hercules, california": {
    "lat": 38.0171441,
    "lon": -122.2885808
  },
  "santa cruz, california": {
    "lat": 37.050096,
    "lon": -121.9905908
  },
  "bolinas, california": {
    "lat": 37.9093702,
    "lon": -122.6863733
  },
  "sausalito, california": {
    "lat": 37.8590272,
    "lon": -122.485469
  },
  "millbrae, california": {
    "lat": 37.598958,
    "lon": -122.4009419
  },
  "larkspur, california": {
    "lat": 37.9340915,
    "lon": -122.5352539
  },
  "moraga, california": {
    "lat": 37.834897,
    "lon": -122.12883
  },
  "san bruno, california": {
    "lat": 37.6261715,
    "lon": -122.4332435
  },
  "petaluma, california": {
    "lat": 38.2325829,
    "lon": -122.636465
  },
  "pinole, california": {
    "lat": 38.0043667,
    "lon": -122.2988587
  },
  "san geronimo, california": {
    "lat": 38.006614,
    "lon": -122.66124494462719
  },
  "crockett, california": {
    "lat": 38.036666,
    "lon": -122.20531126326466
  },
  "boulder, colorado": {
    "lat": 40.0149856,
    "lon": -105.270545
  },
  "brisbane, california": {
    "lat": 37.687165,
    "lon": -122.402794
  },
  "freedom, california": {
    "lat": 36.9390882,
    "lon": -121.77129750557287
  },
  "montara, california": {
    "lat": 37.5494205,
    "lon": -122.49354100463822
  },
  "greenbrae, california": {
    "lat": 37.9485356,
    "lon": -122.5247031
  },
  "woodside, california": {
    "lat": 37.4299388,
    "lon": -122.2538557
  },
  "new york, new york": {
    "lat": 40.7127281,
    "lon": -74.0060152
  },
  "ross, california": {
    "lat": 37.9624239,
    "lon": -122.5549775
  },
  "east palo alto, california": {
    "lat": 37.4688273,
    "lon": -122.141075
  },
  "san quentin, california": {
    "lat": 37.9413133,
    "lon": -122.4849739
  },
  "portland, oregon": {
    "lat": 45.5202471,
    "lon": -122.6741949
  },
  "rodeo, california": {
    "lat": 38.0339842,
    "lon": -122.2676656
  },
  "hacienda heights, california": {
    "lat": 33.9930677,
    "lon": -117.968675
  },
  "woodacre, california": {
    "lat": 38.004312,
    "lon": -122.6369379863382
  },
  "westlake, california": {
    "lat": 34.0629226,
    "lon": -118.2728204
  },
  "riverside, california": {
    "lat": 33.7219991,
    "lon": -116.0372472
  },
  "rohnert park, california": {
    "lat": 38.3396367,
    "lon": -122.7010984
  },
  "sacramento, california": {
    "lat": 38.5810606,
    "lon": -121.493895
  },
  "point richmond, california": {
    "lat": 37.9240915,
    "lon": -122.3891383
  },
  "san diego, california": {
    "lat": 32.7174202,
    "lon": -117.1627728
  },
  "canyon country, california": {
    "lat": 34.4233293,
    "lon": -118.4720281
  },
  "tucson, arizona": {
    "lat": 32.2228765,
    "lon": -110.9748477
  },
  "honolulu, hawaii": {
    "lat": 21.304547,
    "lon": -157.855676
  },
  "billings, montana": {
    "lat": 45.7874957,
    "lon": -108.49607
  },
  "west oakland, california": {
    "lat": 37.8048919,
    "lon": -122.2951752
  },
  "kentfield, california": {
    "lat": 37.9519958,
    "lon": -122.5572116
  },
  "milwaukee, wisconsin": {
    "lat": 43.0349931,
    "lon": -87.922497
  },
  "woodbridge, virginia": {
    "lat": 38.636447000000004,
    "lon": -77.26763351180257
  },
  "glencove, california": {
    "lat": 34.2411801,
    "lon": -118.2628257
  },
  "tiburon, california": {
    "lat": 37.8844389,
    "lon": -122.454565
  },
  "madrid, spain": {
    "lat": 40.4167047,
    "lon": -3.7035825
  },
  "las vegas, nevada": {
    "lat": 36.1672559,
    "lon": -115.148516
  },
  "peoria, illinois": {
    "lat": 40.6938609,
    "lon": -89.5891008
  },
  "santa monica, california": {
    "lat": 34.0194704,
    "lon": -118.4912273
  },
  "bellwood, illinois": {
    "lat": 41.8814197,
    "lon": -87.883117
  },
  "los angeles, california": {
    "lat": 34.0536909,
    "lon": -118.242766
  },
  "moss beach, california": {
    "lat": 37.52011950000001,
    "lon": -122.5096690223618
  },
  "nha trang, vietnam": {
    "lat": 12.2431693,
    "lon": 109.1898675
  },
  "hillsborough, california": {
    "lat": 37.557252,
    "lon": -122.3625291
  },
  "olema, california": {
    "lat": 38.0407566,
    "lon": -122.7880459
  },
  "union city, california": {
    "lat": 37.5963232,
    "lon": -122.0816297
  },
  "colma, california": {
    "lat": 37.6766821,
    "lon": -122.4596031
  },
  "cork, ireland": {
    "lat": 51.897077,
    "lon": -8.4654674
  },
  "new orleans, louisiana": {
    "lat": 29.9759983,
    "lon": -90.0782127
  },
  "kensington, california": {
    "lat": 37.908433,
    "lon": -122.27658376978837
  },
  "redwood shores, california": {
    "lat": 37.5318804,
    "lon": -122.2480219
  },
  "utica, michigan": {
    "lat": 42.6261446,
    "lon": -83.0335384
  },
  "brea, california": {
    "lat": 33.9170444,
    "lon": -117.888855
  },
  "lagunitas, california": {
    "lat": 38.011312,
    "lon": -122.7022085
  },
  "stinson beach, california": {
    "lat": 37.9008084,
    "lon": -122.6450801
  },
  "santa clara, california": {
    "lat": 37.2333253,
    "lon": -121.6846349
  },
  "studio city, california": {
    "lat": 34.1483989,
    "lon": -118.3961877
  },
  "concord, california": {
    "lat": 37.9768525,
    "lon": -122.0335624
  },
  "piedmont, california": {
    "lat": 37.8243715,
    "lon": -122.231635
  },
  "grand rapids, michigan": {
    "lat": 42.9632405,
    "lon": -85.6678639
  },
  "seaside, california": {
    "lat": 36.62593,
    "lon": -121.8169383456945
  },
  "leander, texas": {
    "lat": 30.5603086,
    "lon": -97.8553655
  },
  "forest knolls, california": {
    "lat": 39.2380778,
    "lon": -121.0050105
  },
  "edinburgh, united kingdom": {
    "lat": 55.9533456,
    "lon": -3.1883749
  },
  "magalia, california": {
    "lat": 39.8219895,
    "lon": -121.61065448657719
  },
  "london, united kingdom": {
    "lat": 51.5073219,
    "lon": -0.1276474
  },
  "astoria, new york": {
    "lat": 40.7720145,
    "lon": -73.9302673
  },
  "chicago, illinois": {
    "lat": 41.8755616,
    "lon": -87.6244212
  },
  "orange, california": {
    "lat": 33.7500378,
    "lon": -117.8704931
  },
  "south wellfleet, massachusetts": {
    "lat": 41.9181613,
    "lon": -69.9952985
  },
  "bayshore, california": {
    "lat": 37.707679,
    "lon": -122.401819
  },
  "asheville, north carolina": {
    "lat": 35.6009498,
    "lon": -82.5540161
  },
  "los gatos, california": {
    "lat": 37.226611,
    "lon": -121.9746797
  },
  "boise, idaho": {
    "lat": 43.6166163,
    "lon": -116.200886
  },
  "islip terrace, new york": {
    "lat": 40.7504303,
    "lon": -73.18575200867022
  },
  "sunnyvale, california": {
    "lat": 37.3688301,
    "lon": -122.036349
  },
  "cambridge, massachusetts": {
    "lat": 42.3750997,
    "lon": -71.1056157
  },
  "lake orion, michigan": {
    "lat": 42.7844752,
    "lon": -83.2396612
  },
  "ozone park, new york": {
    "lat": 40.67677,
    "lon": -73.8437461
  },
  "jackson, mississippi": {
    "lat": 32.2990021,
    "lon": -90.1847691
  },
  "ashland, california": {
    "lat": 37.69702515,
    "lon": -122.11518664734417
  },
  "south orange, new jersey": {
    "lat": 40.7474966,
    "lon": -74.2635376
  },
  "fort lauderdale, florida": {
    "lat": 26.1223084,
    "lon": -80.1433786
  },
  "minneapolis, minnesota": {
    "lat": 44.9772995,
    "lon": -93.2654692
  },
  "pasadena, california": {
    "lat": 34.1476452,
    "lon": -118.1444779
  },
  "atlanta, georgia": {
    "lat": 33.7489924,
    "lon": -84.3902644
  },
  "salt lake city, utah": {
    "lat": 40.7596198,
    "lon": -111.8867975
  },
  "arcadia, california": {
    "lat": 34.1362075,
    "lon": -118.0401497
  },
  "milpitas, california": {
    "lat": 37.4282724,
    "lon": -121.9066238
  },
  "san antonio, texas": {
    "lat": 29.4246002,
    "lon": -98.4951405
  },
  "port costa, california": {
    "lat": 38.044824500000004,
    "lon": -122.18442202495345
  },
  "nicasio, california": {
    "lat": 38.0615885,
    "lon": -122.6985975
  },
  "livingston, california": {
    "lat": 37.3868826,
    "lon": -120.723532
  },
  "bellingham, washington": {
    "lat": 48.7544012,
    "lon": -122.4788361
  },
  "crowley, texas": {
    "lat": 32.5782835,
    "lon": -97.3609829
  },
  "boston, massachusetts": {
    "lat": 42.3602534,
    "lon": -71.0582912
  },
  "longwood, florida": {
    "lat": 28.7012172,
    "lon": -81.3461738
  },
  "fayetteville, west virginia": {
    "lat": 38.0531294,
    "lon": -81.1039858
  },
  "granite bay, california": {
    "lat": 38.7632346,
    "lon": -121.1638361
  },
  "isla vista, california": {
    "lat": 34.414564,
    "lon": -119.85686562082299
  },
  "hilarita, california": {
    "lat": 37.884093,
    "lon": -122.4719173
  },
  "campbell, california": {
    "lat": 37.2870626,
    "lon": -121.9448818
  },
  "stratford, connecticut": {
    "lat": 41.1845415,
    "lon": -73.1331651
  },
  "santa ana, california": {
    "lat": 33.7494951,
    "lon": -117.8732213
  },
  "santa rosa, california": {
    "lat": 38.4404925,
    "lon": -122.7141049
  },
  "kula, hawaii": {
    "lat": 20.792026,
    "lon": -156.3237119
  },
  "murfreesboro, tennessee": {
    "lat": 35.8460396,
    "lon": -86.3921096
  },
  "brooklyn, new york": {
    "lat": 40.6526006,
    "lon": -73.9497211
  },
  "north hollywood, california": {
    "lat": 34.1729044,
    "lon": -118.3740371
  },
  "nevada city, california": {
    "lat": 39.2615606,
    "lon": -121.0160594
  },
  "providence, rhode island": {
    "lat": 41.8239891,
    "lon": -71.4128343
  },
  "stockton, california": {
    "lat": 37.9577016,
    "lon": -121.2907796
  },
  "marin city, california": {
    "lat": 37.868538,
    "lon": -122.5091404
  },
  "washington, district of columbia": {
    "lat": 38.8950368,
    "lon": -77.0365427
  },
  "waterford, california": {
    "lat": 37.6413202,
    "lon": -120.7604834
  },
  "vancouver, british columbia, canada": {
    "lat": 49.2608724,
    "lon": -123.113952
  },
  "muir beach, california": {
    "lat": 37.8661174,
    "lon": -122.58985865076625
  },
  "pacheco, california": {
    "lat": 37.9856477,
    "lon": -122.073039
  },
  "irvine, california": {
    "lat": 33.6856969,
    "lon": -117.8259819
  },
  "kansas city, missouri": {
    "lat": 39.100105,
    "lon": -94.5781416
  },
  "kassel, germany": {
    "lat": 51.3154546,
    "lon": 9.4924096
  },
  "canyon, california": {
    "lat": 37.8303045,
    "lon": -122.1658667
  },
  "philadelphia, pennsylvania": {
    "lat": 39.9527237,
    "lon": -75.1635262
  },
  "oceanview, california": {
    "lat": 37.7136512,
    "lon": -122.457483
  },
  "long beach, new york": {
    "lat": 40.5885508,
    "lon": -73.6582631
  },
  "amsterdam, netherlands": {
    "lat": 52.3727598,
    "lon": 4.8936041
  },
  "taunton, massachusetts": {
    "lat": 41.8946107,
    "lon": -71.11113
  },
  "napa, california": {
    "lat": 38.2971367,
    "lon": -122.2855293
  },
  "austin, texas": {
    "lat": 30.2711286,
    "lon": -97.7436995
  },
  "san luis obispo, california": {
    "lat": 35.3540209,
    "lon": -120.3757163
  },
  "modesto, california": {
    "lat": 37.6390972,
    "lon": -120.9968782
  },
  "bonaduz, switzerland": {
    "lat": 46.81132,
    "lon": 9.3984396
  },
  "costa mesa, california": {
    "lat": 33.6636611,
    "lon": -117.91946518435181
  },
  "guadalajara, mexico": {
    "lat": 20.6720375,
    "lon": -103.338396
  },
  "oakley, california": {
    "lat": 37.9974219,
    "lon": -121.7124536
  },
  "columbus, ohio": {
    "lat": 39.9622601,
    "lon": -83.0007065
  },
  "chico, california": {
    "lat": 39.7284945,
    "lon": -121.8374777
  },
  "south lake tahoe, california": {
    "lat": 38.9332411,
    "lon": -119.9843482
  },
  "vacaville, california": {
    "lat": 38.3565773,
    "lon": -121.9877444
  },
  "miami, florida": {
    "lat": 25.7741728,
    "lon": -80.19362
  },
  "long beach, california": {
    "lat": 33.7690164,
    "lon": -118.191604
  },
  "denver, colorado": {
    "lat": 39.7392364,
    "lon": -104.9848623
  },
  "seattle, washington": {
    "lat": 47.6038321,
    "lon": -122.3300624
  },
  "cincinnati, ohio": {
    "lat": 39.1014537,
    "lon": -84.5124602
  },
  "phoenix, arizona": {
    "lat": 33.4484367,
    "lon": -112.0741417
  },
  "rochester, michigan": {
    "lat": 42.680588,
    "lon": -83.1338214
  }
}